{
    "dc_per_class_pp_all": {
        "1": 0.902430354025156,
        "2": 0.031548189666393944
    },
    "dc_per_class_pp_per_class": {
        "1": 0.9156064103603193,
        "2": 0.5918536013452986
    },
    "dc_per_class_raw": {
        "1": 0.9176087360349686,
        "2": 0.8327936291372297
    },
    "for_which_classes": [],
    "min_valid_object_sizes": "None",
    "num_samples": 478,
    "validation_final": "validation_raw_postprocessed",
    "validation_raw": "validation_raw"
}