{
    "dc_per_class_pp_all": {
        "1": 0.9028693723959804,
        "2": 0.027477274854559013
    },
    "dc_per_class_pp_per_class": {
        "1": 0.9145586683801137,
        "2": 0.5979628346858888
    },
    "dc_per_class_raw": {
        "1": 0.9154821448349011,
        "2": 0.8386008995682334
    },
    "for_which_classes": [],
    "min_valid_object_sizes": "None",
    "num_samples": 478,
    "validation_final": "validation_raw_postprocessed",
    "validation_raw": "validation_raw"
}