{
    "dc_per_class_pp_all": {
        "1": 0.9012396421438357,
        "2": 0.021481336514908293
    },
    "dc_per_class_pp_per_class": {
        "1": 0.9032184171779436,
        "2": 0.5869397080198188
    },
    "dc_per_class_raw": {
        "1": 0.9060153083038051,
        "2": 0.836076907307326
    },
    "for_which_classes": [],
    "min_valid_object_sizes": "None",
    "num_samples": 477,
    "validation_final": "validation_raw_postprocessed",
    "validation_raw": "validation_raw"
}