{
    "dc_per_class_pp_all": {
        "1": 0.918172850693941,
        "2": 0.03420470841510841
    },
    "dc_per_class_pp_per_class": {
        "1": 0.9335437731603086,
        "2": 0.613588513711892
    },
    "dc_per_class_raw": {
        "1": 0.9355665054507469,
        "2": 0.8555457466141814
    },
    "for_which_classes": [],
    "min_valid_object_sizes": "None",
    "num_samples": 477,
    "validation_final": "validation_raw_postprocessed",
    "validation_raw": "validation_raw"
}