{
    "dc_per_class_pp_all": {
        "1": 0.9157874182395043,
        "2": 0.03695545198791023
    },
    "dc_per_class_pp_per_class": {
        "1": 0.9194500534779436,
        "2": 0.6095691343642844
    },
    "dc_per_class_raw": {
        "1": 0.9244664239012291,
        "2": 0.8598874325291362
    },
    "for_which_classes": [],
    "min_valid_object_sizes": "None",
    "num_samples": 477,
    "validation_final": "validation_raw_postprocessed",
    "validation_raw": "validation_raw"
}