{
    "dc_per_class_pp_all": {
        "1": 0.9057150291831417,
        "2": 0.019053372999159834
    },
    "dc_per_class_pp_per_class": {
        "1": 0.9173245819463501,
        "2": 0.5790799377118246
    },
    "dc_per_class_raw": {
        "1": 0.9199633440890784,
        "2": 0.8112767844487594
    },
    "for_which_classes": [],
    "min_valid_object_sizes": "None",
    "num_samples": 477,
    "validation_final": "validation_raw_postprocessed",
    "validation_raw": "validation_raw"
}