{
    "dc_per_class_pp_all": {
        "1": 0.9069055069457966,
        "2": 0.036481935759598974
    },
    "dc_per_class_pp_per_class": {
        "1": 0.923649875642094,
        "2": 0.5965153996970649
    },
    "dc_per_class_raw": {
        "1": 0.9255973206150483,
        "2": 0.8369390277176059
    },
    "for_which_classes": [],
    "min_valid_object_sizes": "None",
    "num_samples": 477,
    "validation_final": "validation_raw_postprocessed",
    "validation_raw": "validation_raw"
}