{
    "dc_per_class_pp_all": {
        "1": 0.9162426327418781,
        "2": 0.04072296474293471
    },
    "dc_per_class_pp_per_class": {
        "1": 0.9301644052026284,
        "2": 0.6043904328445968
    },
    "dc_per_class_raw": {
        "1": 0.9349261999826259,
        "2": 0.8557082576678812
    },
    "for_which_classes": [],
    "min_valid_object_sizes": "None",
    "num_samples": 477,
    "validation_final": "validation_raw_postprocessed",
    "validation_raw": "validation_raw"
}